{
    "R2_Score": 0.6963888055386881,
    "Mean_Absolute_Error": 0.12084927764281056,
    "Mean_Squared_Error": 0.023826175452513,
    "Accuracy": 0.8985801217038539,
    "Confusion_Matrix": [
        [
            50,
            9,
            0
        ],
        [
            6,
            327,
            2
        ],
        [
            0,
            33,
            66
        ]
    ]
}