{
    "loss": [
        0.08036357909440994,
        0.07876860350370407,
        0.07905988395214081,
        0.07899031788110733,
        0.07828693836927414,
        0.07933252304792404,
        0.07881829887628555,
        0.0789935365319252,
        0.07899187505245209,
        0.07855752855539322,
        0.07876024395227432,
        0.07834958285093307,
        0.07846914976835251,
        0.07832090556621552,
        0.07816337049007416,
        0.07864804565906525,
        0.07815686613321304,
        0.07807131856679916,
        0.07819745689630508,
        0.07835005968809128,
        0.07783253490924835,
        0.0781363919377327,
        0.07721394300460815,
        0.07746224850416183,
        0.07673241198062897,
        0.07661645114421844,
        0.07428819686174393,
        0.07633963972330093,
        0.07482857257127762,
        0.07146237790584564,
        0.07393193244934082,
        0.07227369397878647,
        0.07137365639209747,
        0.06852519512176514,
        0.07118228822946548,
        0.07058602571487427,
        0.06488678604364395,
        0.062137480825185776,
        0.0638413205742836,
        0.05757250636816025,
        0.05709880590438843,
        0.053836312144994736,
        0.04826967045664787,
        0.04635123535990715,
        0.042379166930913925,
        0.035730309784412384,
        0.03319542482495308,
        0.0314285010099411
    ],
    "mae": [
        0.18442881107330322,
        0.1821603775024414,
        0.1864633560180664,
        0.18298812210559845,
        0.1816692352294922,
        0.1840602308511734,
        0.18705777823925018,
        0.18070918321609497,
        0.18104897439479828,
        0.18149296939373016,
        0.18454097211360931,
        0.17620794475078583,
        0.18214882910251617,
        0.18877442181110382,
        0.1870899796485901,
        0.17921370267868042,
        0.1887093037366867,
        0.17938528954982758,
        0.18344074487686157,
        0.17991414666175842,
        0.18682993948459625,
        0.18302959203720093,
        0.18351493775844574,
        0.1824389398097992,
        0.18226854503154755,
        0.18622249364852905,
        0.18322491645812988,
        0.18678519129753113,
        0.18375802040100098,
        0.1791452020406723,
        0.19107183814048767,
        0.18279403448104858,
        0.19288776814937592,
        0.1849757432937622,
        0.18762703239917755,
        0.1913752257823944,
        0.18283547461032867,
        0.1868986040353775,
        0.1879052072763443,
        0.17994000017642975,
        0.18524548411369324,
        0.17674311995506287,
        0.17149759829044342,
        0.16732996702194214,
        0.16078287363052368,
        0.14931824803352356,
        0.14435166120529175,
        0.14055991172790527
    ]
}